supplier_id,supplier_name,contact_name,contact_email,phone,address
1,"Guerra, Schneider and Guerra",Joyce Fernandez,qhall@cortez.com,989.660.3293,"92506 Day Circle
Hansenside, AR 57947"
2,Maldonado Ltd,Michael Lindsey,judyhale@wise.org,001-792-357-5763x687,"669 Gay Shoal
Gutierrezberg, OH 95318"
3,Pham-Howard,Kevin Juarez,nicolewells@porter.org,(278)264-9274,"31347 Rhonda Fields Apt. 832
New Michaelstad, WI 34974"
4,"Davenport, Barber and Evans",Laura Chang,samantha05@foley.com,(580)461-0311x85421,"13300 Santiago Shoal Apt. 290
Nicholshaven, FM 78814"
5,Gross Ltd,Lisa Martin,rachel55@armstrong.com,+1-422-596-7001x43036,"5425 Danielle Stream Suite 600
West Justin, OH 27405"
6,Gonzales-Palmer,Kevin Watson,martin79@goodwin.com,001-854-833-4285x6874,"69652 Mary Ranch
South Alexis, MN 50418"
7,"Keller, Elliott and Cooper",Kathy Collins,acastillo@carter-reeves.com,+1-426-287-7354,"Unit 5181 Box 3101
DPO AE 55000"
8,Buchanan LLC,Amber Gilmore,codyjones@guzman-lester.info,814-293-3184,"537 Joshua Summit
Fisherbury, CT 28027"
9,Gonzalez-Keith,Joel Garcia,erubio@mckay.com,375.806.5770,"92813 Howard Course Apt. 924
Lake Jessica, SD 46424"
10,"Lopez, Harris and Nielsen",Nicole Gonzales,uharper@fischer-cook.com,+1-746-235-7614x60361,"99830 Barnett Branch Apt. 922
South Robertton, MI 39916"
11,Roman-Carroll,James Goodman,iellison@matthews-kelly.com,+1-778-986-6240,"965 James Canyon Suite 315
Lake Susanport, NY 82816"
12,Spencer-Johnson,Brittany Johnson,warnold@weber-kemp.biz,309-402-5467x082,"3164 Greene Parkways
Sheltonside, WY 07789"
13,Delgado PLC,Nicholas Bennett,sharonortiz@lane-hendrix.com,909.456.0939x10797,"182 Karla Crest
Port Raymondberg, IA 34271"
14,Smith-Mccoy,Sarah White,hross@palmer-adams.net,(478)273-8263,"6978 Samuel Mountains Apt. 996
Morganmouth, LA 18663"
15,Fernandez-Taylor,William Hardin,grichardson@wallace.com,286-430-4714,"2760 Angela Highway Suite 062
Tracyland, DE 15361"
16,Patrick-Nichols,Deborah Young,scottbrent@morales.com,001-527-889-2309x353,"791 Long Corners
Lake Melissa, WI 10645"
17,"Brown, Taylor and Hahn",Theresa Miller,ryan08@conley.com,001-337-361-9742,"093 Jones Underpass
Port Haleyton, GA 70525"
18,Turner Inc,Patrick Deleon,youngkristen@arnold.com,234.933.4537x59141,"5737 Huerta Ridge
West John, VA 95595"
19,"Stokes, Kelly and Cisneros",Philip Moody,margaretdouglas@burton-munoz.org,+1-805-882-6330x71561,"33115 Evan Lane Apt. 614
West Kellyfurt, HI 01292"
20,Mcintyre LLC,Anthony Newman,brownmary@taylor.com,(498)812-9350x3302,"51935 Amber Plains
North Antoniobury, OK 73013"
21,Martin Inc,Amanda Arnold,nguyenjason@gallegos.com,634-858-9153x1048,"6294 Anderson Motorway
Reedhaven, FL 85242"
22,Flowers Inc,Mark Blevins,lkelly@willis.net,(741)977-6913x89458,"08695 Stevens Tunnel Apt. 389
New Chelseaville, LA 13634"
23,"Hendricks, Reed and Park",Sherri Ramirez,jefferydiaz@fleming-collins.com,615.462.2958,"3368 Escobar Spurs Suite 812
Johnsonton, NC 98173"
24,Jones and Sons,Arthur Dennis,joanne56@miller.biz,748.595.6497x36406,"0085 Garcia Valley
Martinezfurt, WY 09274"
25,Brown-Garcia,Melissa Olson,dwaynemartin@meyer.com,321.696.1960,"8983 Frank Garden
Lake Tiffanytown, NV 99044"
26,Thomas-Yang,Jessica Curtis,robert53@stein-jones.com,215-529-7615x76058,"29099 Ramsey Field
Joseburgh, MN 91747"
27,"Herrera, Martin and Young",Michael Rodriguez,bkramer@scott.biz,001-260-947-7582x04106,"5213 Valerie Estate
Patriciaburgh, NM 55098"
28,"Nielsen, Hoffman and Sampson",Erica Sherman,kennethbrown@mooney-winters.net,981.524.4998,"80892 Fleming Court
West Edward, ID 08437"
29,"Smith, Gonzales and Montgomery",Amy Fernandez,sgaines@sullivan.com,425-746-6931,"1831 Morris Junctions Suite 995
Alexismouth, WI 19969"
30,Carlson-Maxwell,Dale Hurst,david50@blair.com,262.520.6986x14755,"USNV Smith
FPO AE 19973"
31,Jones-Dickerson,Sandra Nelson,mcmillanlisa@cooley-lamb.info,709-739-4602x60677,"7246 Young Land
Lake Richardshire, KS 96756"
32,Rodriguez-Mullen,Stacy Stewart,carolyn41@tyler.com,(222)436-6902,"54974 Gibson Station
New Thomas, TX 03241"
33,Grant LLC,Jennifer Ayala,judith17@lang.com,001-296-229-8545x628,"8346 Katrina Union
Lake Cole, PR 18630"
34,Lee Ltd,Melissa Graham,daniel04@jones.com,729-952-2642x23459,"7256 Garcia Pine
Bakerland, NV 94798"
35,Burnett-Green,Clinton Dominguez,thoward@medina.info,(382)924-6048,"Unit 0173 Box 8780
DPO AP 33551"
36,Turner Inc,Marcia Wong,danielleanderson@simon.net,428.615.1104x7820,"2387 Amy Extension
Stephaniefurt, FL 98543"
37,Baker-Blackwell,Sharon Carpenter,anthonymayo@taylor-smith.com,+1-200-897-7932x076,"5569 Bruce Villages
New Davidside, SD 55968"
38,Moran-Holmes,Larry Fox,wwhite@young-king.com,(774)475-8301x138,"394 Gibson Underpass
New Herbert, MA 70385"
39,Ramos Inc,Jennifer Oliver,alexvincent@williams.info,307.212.0664x29170,"8264 Downs Turnpike
Hooverview, AK 85110"
40,Campbell and Sons,Jamie May,steventorres@smith.com,875-577-7347x9799,"0653 Duffy Shoal
East Heidifurt, RI 61279"
41,"Salas, Harper and Freeman",Katie Chapman,kellylewis@washington-washington.com,9083979564,"67589 Newman Burg Suite 053
Williamton, MD 72807"
42,Mcdonald-Levine,Peter Brown,rbuchanan@mclaughlin-clements.com,+1-446-841-5657x12897,"USS Stephens
FPO AA 83227"
43,"Hill, Ellis and King",Lisa Woodard,timothythompson@cabrera-thompson.com,779-985-0417x175,"Unit 6755 Box 6002
DPO AA 96134"
44,Morgan-Kelley,Karen Jones,iterry@ford.info,577.831.5583,"542 Davis Expressway
Lewisside, NC 63323"
45,"Garcia, Sandoval and Jones",Hailey Harris,michael28@colon.org,943.499.6231x1155,"20122 James Lake
North Richard, NM 87896"
46,"Sanchez, Robinson and Thompson",Rachael Bentley,jennifer98@best.biz,407.654.8607x53863,"6745 Webb Stream
Edwardsview, MN 99637"
47,Simon Ltd,Nicole Garcia,wramirez@tate.net,706.207.0097,"155 Willis Flat Suite 666
Smithbury, PA 44702"
48,"Martinez, Mason and Dunn",Andrew Cook,douglas20@phillips-simon.com,+1-973-334-1533x113,"18736 Jones Forks Suite 246
Delgadoville, AS 50924"
49,Carpenter-Oneal,Mary Walter,leslie00@monroe.com,350-464-0587,"3944 Huffman Cliffs Suite 534
Daniellemouth, GA 31879"
50,Watson LLC,Cynthia Obrien,palmermelissa@hernandez.com,5654098747,"USS Roberts
FPO AP 07988"
51,"Rodriguez, Gallegos and Warner",Troy Keller DVM,michelle41@elliott.net,(858)348-8997x0828,"79491 Smith Forest Apt. 126
Gonzalezstad, VI 03930"
52,Johnson LLC,Alexander Lee Jr.,petersenvincent@mcdaniel.com,921-666-8776x648,"6363 Simmons Mountain
West Edward, WV 52248"
53,Wright Inc,Laura Carroll,qhanson@wilson-combs.com,(936)454-0248x78592,"643 Miller Drive
Lake Aprilport, TX 95203"
54,Drake-Ray,Peggy Gardner,sally28@haas.com,7487899559,"2844 Atkins Haven Apt. 204
Port Luke, NY 79103"
55,"Williams, Hill and Lopez",James Simmons,ypeterson@perez.com,538.421.1146,"384 Clarke Burg Apt. 121
Coxville, MT 33607"
56,"Ingram, Whitehead and Carter",Molly Cook,nelsonreginald@young.com,(919)528-0152,"7259 Christopher Avenue Apt. 600
Aprilfort, PR 88851"
57,Nelson Ltd,Johnny Wilson,nprice@jackson.org,7268028820,"Unit 2632 Box 9194
DPO AA 01141"
58,"Lewis, Johnson and Hansen",Lisa Daniels,carrmichelle@powers.com,846.394.6314x64071,"4499 Barber Squares Apt. 555
West Kristin, OR 45890"
59,"Rodriguez, Lewis and Webb",James Young,fsmith@smith.info,(793)802-0724,"15939 Emily Park Apt. 828
Isaiahville, GA 34536"
60,Thompson-Zimmerman,Allison Boyle,andrearoman@rowe-johnson.info,(876)395-9946x46078,"9622 Walker Shoal
Nicolefort, IL 25766"
61,Gomez LLC,Sandra Walker,paulmorgan@farmer.com,871.236.7723,"69664 Tyler Port
Port Christinafurt, ND 48978"
62,Moore LLC,Caitlin Hill,fpatel@jenkins.com,211.554.0280x95839,"460 Cynthia Shoal Apt. 593
North Michaelborough, NE 21862"
63,"Johnson, Williams and Morales",Christine Walker,johnherman@boone.com,(514)611-3718x0117,"2310 Paul Avenue Apt. 675
Pattersonbury, NH 28141"
64,"Tate, Baker and Schwartz",Shirley Phillips,smithanthony@stafford.com,001-605-352-3718x794,"6869 Lisa Oval
Brownshire, VI 33333"
65,Lee Group,Erika Schmidt,schwartzsharon@howard.com,9626488983,"877 Corey Path
North Herbertland, FM 79601"
66,Smith Ltd,Ruth Olsen PhD,rray@hughes-shaw.com,455.528.9500x68485,"838 Lynn Ports
Port Aaronfort, SD 41260"
67,Lewis-Conrad,Michael Cortez,gutierrezmatthew@walters-marshall.com,+1-264-255-3451,"189 Mcneil Crescent
North Kimberlyville, KY 29619"
68,"Tran, Sanchez and Morris",Tanner Rice,dunlapandrew@small.com,001-984-867-5439,"230 Heather Causeway Suite 903
Hughesland, AS 51384"
69,"Reyes, Washington and Hodge",Adam Walls,amanda43@hernandez-brooks.biz,531.265.6025,"99107 Joy Landing
Staciefurt, NJ 21696"
70,"Mccann, Smith and Aguirre",Kathleen Contreras,melissalamb@brown-jones.biz,880.354.9654x6833,"33443 Hopkins Field Suite 097
Lloydmouth, FL 02843"
71,Boone-Bailey,Heather Bush,steeleamy@hudson-brennan.com,790.941.9623x91367,"708 Cameron Haven
Port Susanhaven, ND 22248"
72,"Watts, Hill and Henry",Patricia Pope,nicolepark@walker.com,426-783-0355,"8346 Christopher Estates
Paulton, OH 32101"
73,"Rowe, Morris and Lin",Abigail Barton,danielle55@obrien.net,(791)519-1256,"1049 Thomas Vista Apt. 827
West Andreamouth, IL 77036"
74,Dunn-Briggs,James Nichols,smithanna@padilla.com,769.782.1897x630,"663 Ronald Inlet
West Davidshire, AZ 25728"
75,"Kim, Wilkins and Harper",Susan Johnson,carrieperry@baldwin.com,816.283.5800x424,"79361 Evans Points
Port Amandahaven, OH 82206"
76,Brooks-Martinez,Amanda Welch,dwheeler@james-sawyer.com,769-975-6704x36910,"00631 Felicia Mission Apt. 337
Woodwardview, GU 54877"
77,Lewis Inc,Jeffery Walker,grantrobert@brown-johnson.com,(812)946-1784x79885,"53003 Michael Corners
Zacharyshire, MD 45905"
78,Price-Roberts,Ashley Meyer,rebeccaking@little.org,942-776-7247x431,"PSC 8816, Box 7686
APO AE 69048"
79,Dixon Group,Andrew Ramirez,xsmith@martin-jackson.com,606.528.4811x7345,"8140 Ronnie Square
Jennaview, FL 27805"
80,"Thompson, Cantrell and Griffin",Rodney Neal,kimberlymartin@padilla-watson.com,+1-302-464-0224,"USNS Lopez
FPO AP 34474"
81,Johnson Group,Mrs. Cheryl Malone,tonyajensen@atkins.info,+1-886-625-6377x790,"8180 Johnson Landing Suite 735
Woodwardmouth, DC 40257"
82,Freeman Ltd,Emily Braun,abigailrice@andrews.info,239-655-3442x818,"1646 Patrick Spurs
Larsonborough, IN 31627"
83,"Gomez, Sawyer and Smith",Jaime Reyes,patricia45@freeman.com,993.342.3652x664,"234 Christopher River
Johnsonmouth, VA 91105"
84,Williams-Brown,Brian Rodriguez,mercedesdiaz@olson-smith.net,001-280-290-7220,"9468 Elizabeth Inlet
North Robertburgh, MA 04940"
85,"Reed, Larson and Campbell",Madison Vazquez,corey32@green.org,001-506-876-9721x3259,"6885 Eric Course Suite 066
Kevinport, RI 04387"
86,"Stewart, Hines and Nichols",Brandon Wilson,pgonzales@lin-johnson.com,574.208.4875x78603,"57783 Melissa Crossing Apt. 375
Lake Mistyville, RI 05099"
87,Martin-Davis,Joshua Dominguez,vgibbs@smith.org,437.890.9691,"573 Zachary Street Suite 358
Port Sean, WA 37722"
88,Sheppard-Simon,Megan Hill,christian56@parsons-carrillo.info,(363)600-9784x75366,"95279 Aguilar Expressway
South Robert, MO 56931"
89,Marquez and Sons,Erik Thomas,laurie82@gonzalez.com,962.280.8353x39994,"326 Jennifer Viaduct Apt. 949
South Davidchester, UT 16610"
90,Thornton-Mitchell,Jeffrey Kane,williamsgregory@moody-clark.info,2016143248,"139 Marissa Islands
Blanchardmouth, MD 26285"
91,Wilson Group,Joseph Mills,lgardner@thomas.com,(889)530-8245x56703,"43857 Smith View
Larsonbury, SC 74171"
92,Ward Ltd,Jennifer Dean,nburton@lucero.com,538-402-2206x00324,"8654 Martinez Forks
Lake Leroyfort, WI 57784"
93,"Hill, Long and Rojas",Diana Lane,melissa78@white-stephenson.com,(315)200-1561,"PSC 8995, Box 2084
APO AE 03009"
94,"Miles, Matthews and Perkins",Andrew Diaz,markchang@patterson-jones.com,001-663-864-2157x097,"7427 Greg Coves
West Sean, OH 08106"
95,Thompson PLC,Jacob Patel,tcox@henderson.org,(795)809-7863x9261,"0782 Sarah Stravenue Apt. 075
Lucasland, MP 98182"
96,"Allen, Vasquez and Becker",Maria Ellis,xcervantes@hurst-sharp.com,592.906.7779,"18407 Richardson Creek Suite 311
Pettyhaven, TX 12089"
97,Warner-Mason,Cheryl Bailey,jfrazier@bradley.com,804.457.8593,"48798 Hutchinson Freeway Suite 120
Ryanchester, PR 43659"
98,"Stewart, Stewart and Lane",Andrew Grimes,hkelley@evans.net,798.893.1071x4897,"PSC 9042, Box 2537
APO AE 73879"
99,"Bradford, Adams and Solis",Stacey Fitzpatrick,gbauer@rogers.net,(861)845-5059,"92184 Laura Village Apt. 847
Butlertown, AK 39919"
100,"Whitaker, Anderson and Daniels",Alyssa Smith,simpsonmary@cummings.info,001-372-750-3240x2346,"59128 Rebecca Crossroad Apt. 653
Amyport, ID 54578"
101,Hunter Ltd,Melissa Smith,melissaroberts@sellers.info,001-633-737-2411x5705,"1379 Michael Mill
Codyport, PW 56364"
102,"Berry, Ortiz and Baker",Daniel Edwards,cheryl09@wiggins.com,913.357.0830x420,"0668 Carolyn Pike Suite 242
Port Brandonton, OH 13136"
103,"Chapman, Long and White",Joshua Stephenson,zacharyhill@sharp.com,001-611-262-9579x8860,"86102 Chad Lodge
Perezville, TX 61769"
104,Cummings Group,Karen Jackson,jonesannette@pierce-jacobs.com,5223258509,"3358 Kelley Streets
West Dylan, MH 74710"
105,Esparza LLC,Gregory Fernandez,aaronbanks@campbell-page.com,001-362-260-2283x8111,"4602 Peterson Rue
West Amyfort, RI 26121"
106,"Montes, Johnson and Black",Christine Taylor,vwillis@cox.org,+1-306-614-6964x7288,"8163 Sanchez Ferry
North Colin, IL 56712"
107,Buckley-Kennedy,Jill Morales,smithwilliam@jones.com,2376794580,"260 Jackson Mission Suite 005
Ortegashire, DE 99226"
108,Roberts PLC,Linda Rodgers,mary74@davis.info,587-606-5391x21652,"90003 Jason Mews
Rachelshire, OK 84114"
109,George PLC,Justin Lewis,hcaldwell@long.com,001-745-922-4072x26268,"0862 Edwards Camp Apt. 881
Lake Jasonborough, GA 77018"
110,Nichols Ltd,Bryan Summers,bergerlori@yoder-lindsey.net,001-614-368-3833x886,"9212 Amy Creek
Port Wendy, MA 65771"
111,Diaz-Christensen,Joshua Baldwin,iwatts@boone.com,001-656-819-0818x8849,"165 Morales Extension Suite 800
Fostertown, GU 11837"
112,Spencer and Sons,Gina Gordon,watkinsdouglas@baldwin-evans.com,4607892668,"77867 Julia Lane
Hodgesborough, AK 94787"
113,Duran Group,Larry Brown,jennypierce@holmes-reid.org,659.923.9226x894,"8745 Ashley Gateway
West Paulchester, VT 04192"
114,Acosta PLC,Shelley Cooper,amanda64@williams-thomas.com,001-825-364-3302x543,"1228 Herman Camp Apt. 486
North Duane, VA 96201"
115,Brown Group,Joshua Stephenson,shawrachel@garcia-hicks.com,9464711541,"5053 Timothy Street Suite 229
Davidfurt, MD 05811"
116,Jackson-Skinner,David Santos,aaronestes@williamson.com,+1-450-869-5313x78381,"3011 Jacqueline Place
Andersonland, NH 95083"
117,Ellis Inc,Anne Austin,karenhurst@weaver.com,(993)717-9415x998,"796 Johnston Prairie Suite 214
West Daniel, MD 32938"
118,"Jones, Hull and Wright",Amanda Taylor,meadowsterry@young.com,(747)991-7336x01367,"5066 Lindsey Crossroad Suite 965
Danielshire, WV 18500"
119,Sanders-Smith,Rachel Watson,jacksontanner@ingram.com,+1-957-248-8626,"9091 Jones Mountain Suite 365
South Brandonside, TN 02171"
120,Rowe and Sons,Diane Hayes,wconrad@jefferson-cameron.com,774.287.9730,"14034 Benton Overpass Suite 484
New Jaimefort, DE 21235"
121,Thompson Group,Andrea Mckenzie,jenniferallen@weaver.info,8249698591,"90333 Kristen Island Apt. 235
Carolynport, FL 03106"
122,"Riley, Gonzalez and Bell",Matthew Khan,fkirby@nielsen.com,814-644-1103x108,"06230 Matthew Common
West Lindsayberg, OK 23488"
123,Brown Inc,Joseph Vega,alisonscott@hubbard.org,+1-622-309-0463x357,"564 Lisa Neck Suite 066
Nathanielborough, IN 93701"
124,Nelson Inc,Margaret Gay,ohammond@davis.com,(958)555-8365x81563,"39509 Mendoza Corners Apt. 874
North Jaredberg, PR 21426"
125,Mccormick PLC,Kristi Garrett,kathleen34@hamilton-scott.biz,+1-962-981-9872x03322,"169 Jonathan Flats
New Suzannemouth, MO 57882"
126,"Brennan, White and Webb",Kristen Duke,oruiz@walker.com,+1-749-779-6834x7390,"2482 Melissa Harbor Apt. 544
Lake Ronaldport, PW 70197"
127,"Lucas, Rosales and Winters",Taylor Miller,alee@boyle-richard.com,(363)706-6552x340,"80169 Mitchell Pines
South Regina, MD 71940"
128,"Miller, Roberts and Sherman",Jeremy Wallace,johnsonjennifer@stevens.org,+1-494-824-9564x45155,"0931 Michael Lake Apt. 914
Port Michaelmouth, GU 10040"
129,"Flores, Long and Taylor",Dennis Parker,saracaldwell@davis.com,001-232-309-7903x76251,"330 Smith Burgs Suite 592
Whiteton, KS 44415"
130,"Garcia, Wallace and Holt",Laurie Pierce,jacksonstephanie@ruiz.com,741-496-1278x916,"1802 Noble Dam
Riveraland, MI 30425"
131,Mitchell Ltd,Laura Vega,mandyrodriguez@barajas.net,413.634.6497,"7808 Bennett Parkways
West Rhondaside, AK 29637"
132,Hamilton-Miller,Angela Gomez,wpowers@dunlap.biz,2553101112,"67319 Weber Lake
West Jamesport, KS 54351"
133,Price-Gibbs,Erika Fisher,vbentley@wolfe.org,+1-447-270-8550x2976,"1005 Randolph Rapids Suite 087
Maynardmouth, CA 32397"
134,Fowler PLC,Patrick Gordon,jwilliams@mills-farmer.com,546.331.0863x457,"932 Sharon Fort Apt. 718
South Nicole, WI 08950"
135,Wilkins Ltd,Vincent Gibson,cameron29@koch.net,(221)396-6774x56748,"134 Copeland Burgs
North Brendan, MT 34314"
136,Perry-Jones,Charlotte Morales,heatherhiggins@smith-ortiz.com,501.597.5463x213,"488 Matthew Mountains Suite 428
Annettemouth, AL 24680"
137,Holt-Clark,Michelle Horn,tfry@hodges.net,355.676.8519,"0772 Tara Fall Suite 092
West Richardshire, LA 35524"
138,Dorsey PLC,Benjamin Estrada,matthew01@williams.com,297-851-6860,"3519 Katie Villages
Jeffreyfort, AR 88814"
139,Williams Group,Catherine Thompson,edwardlopez@davis.com,384.527.8444,"892 Gonzalez Landing
Deborahchester, PW 76970"
140,"Carter, Nielsen and Yang",Veronica Chase,gina38@lindsey-byrd.net,352.888.9060,"USNS Phillips
FPO AA 02249"
141,Carlson-Pratt,Debra Garcia,troy71@navarro-washington.com,431-334-1078x35687,"6869 Obrien Mill Suite 094
Stephaniechester, IN 10872"
142,Summers-Kim,Stephanie Houston,lfoster@brandt-sullivan.com,684.878.7050x79025,"02163 Lee Ports Suite 497
Bellton, NH 58932"
143,Brown-Williamson,Christopher Charles,dianaconner@norman-heath.com,+1-338-701-5136x2234,"04274 Pennington Pines Apt. 074
Lake Carlos, RI 59561"
144,"Gibson, Welch and Sparks",David Lopez,ashleystanley@fox.org,785.990.5853,"Unit 1891 Box 3134
DPO AP 72539"
145,"Griffin, Steele and Miller",Kelly King,johnsoncalvin@schmidt.info,633-716-2828x28917,"475 Bryan Canyon
East Kristenfurt, ND 95758"
146,Carey-Carroll,Sheryl Williams,nicholascooper@obrien.com,(677)524-5021x8528,"48855 John River Suite 110
New Michael, PR 81528"
147,Wilson Group,Sarah Bryan,cwong@lopez-walker.com,+1-206-677-0118,"054 Brock Shoals
New Sharon, ID 54150"
148,"Smith, Griffith and Anderson",Jacqueline Garcia,xwalker@hall.org,001-593-526-0691x74400,"86826 Glover Mills Apt. 249
West Ashleyport, IA 49156"
149,Bolton Inc,Melissa Smith,samantha12@tucker.com,(726)739-3307x895,"29642 Jacqueline Burg
East Wendy, KS 31994"
150,Johnson-Knight,Stephen Solis,james43@schmitt.com,277-282-1414x682,"572 Thomas Vista Suite 831
Kevinfort, FL 74446"
151,"Campbell, Howard and Hodge",Tanya Howard,earnold@jenkins-drake.com,+1-330-697-3862x129,"949 Kari Centers Apt. 373
West Susan, CA 19866"
152,Scott-Martin,Maria Hayden,angelawilliams@ramirez.org,001-304-953-6208x65216,"PSC 4505, Box 7341
APO AP 91061"
153,Compton and Sons,Erica Moore,lcarlson@anderson.com,001-910-549-3249,"3959 Derrick Ways Suite 217
Port Josephmouth, MS 60014"
154,Brady-Webb,Summer Reynolds,thomasdavid@white.com,638.439.2901x432,"96376 Justin Island
Raymondhaven, NM 53614"
155,"Cooper, Ritter and Smith",Emma Herrera,leeadam@davis-brown.com,(914)650-5422x833,"7674 Olson Crossing Apt. 432
Ralphside, RI 81939"
156,"Robinson, Campbell and Noble",Benjamin Caldwell,chad63@jimenez-diaz.org,+1-646-847-0745x6998,"790 Jacobs Locks Suite 081
Davisville, LA 66481"
157,Cole and Sons,Elizabeth Schultz,imcfarland@smith-griffin.com,(729)836-3676,"180 Janet Springs
East Kellyburgh, ND 95736"
158,"Delgado, Lopez and Doyle",Andrea Silva,jessica87@moon.org,9162153070,"660 Mendoza Path
Stonestad, WI 43898"
159,"Johnson, Graham and Fischer",Zachary Cooper,berryjerome@white.com,+1-451-281-1312x625,"600 Ferguson Pike Apt. 085
New Jamesmouth, KY 23536"
160,Jordan Group,Clinton Williams,jennifermoreno@newton.com,647-520-4042,"373 Stephens Track Apt. 520
Andrewview, PW 78381"
161,"Ferrell, Hall and Gonzalez",Kristin Ellison,jodi55@dominguez.org,(971)385-1849,"0520 Jonathan Ports Suite 461
West Christine, AK 68838"
162,Lewis Group,Ricky Myers,jill99@chase.com,+1-465-327-9405x55850,"51096 Mcgrath Crest
Brianmouth, FL 01851"
163,Barber LLC,Kellie Wright,pbaird@sullivan.org,(215)488-2375x95051,"7601 Anna Fords
Piercefort, DE 34240"
164,George-Suarez,Stanley Mendoza,ygriffin@brown-fowler.org,780.229.4352,"04504 Johnson Harbors Suite 256
Moralesberg, WY 87359"
165,Brown-Dunn,James Miller,cwilliams@rose.com,760-489-6175x7681,"18551 Aaron Flats
West Tim, MT 96966"
166,Perez-Johnson,Alexandra Hammond,snyderaudrey@lee-allen.net,(711)459-6100x5093,"PSC 8359, Box 0442
APO AP 78952"
167,Hall Ltd,Tamara Miles,michaelhouse@graham-lowe.com,001-895-327-8910x89239,"PSC 4859, Box 3386
APO AE 18930"
168,Singleton-Holder,Peter Williams,jessica09@palmer.net,+1-653-579-2163x601,"537 Daniel Stravenue
North Natalie, VA 93539"
169,Espinoza-Blake,Sarah Brown,watersjeffrey@santos-ware.com,575.797.4179x68821,"73996 Becker Rue
Maxwellmouth, NM 64515"
170,Gallagher Inc,Joseph Barrett,justin26@blake.biz,577-717-4543,"856 Brown Locks
East Jasmine, OK 27371"
171,Hudson Group,Christopher Jones,jimmy36@james.com,7483031298,"745 Thornton Streets
Andrewton, AL 68744"
172,"Harper, Snyder and Ho",Alexis Stafford,kara34@anderson.net,354.361.6726,"84162 Moody Ways
North Melvin, OK 29690"
173,Martin-Mills,Andrea Jordan,thomaschase@rose-patel.com,756-782-6283x28581,"50243 Robert Falls Suite 090
Stewartmouth, AK 77279"
174,Smith Group,Sean Grant,jameslaura@james-huang.biz,+1-922-636-6597,"82523 Hopkins Street Apt. 058
Ricebury, GU 09848"
175,Harris LLC,Jamie Larsen,kleinwilliam@morales.net,671-254-2917,"017 Thomas Wall
Hayneston, CO 63490"
176,Vasquez Group,Joseph Morris,debralewis@butler.com,356-578-9152x4180,"6703 Isabella Crossing
Bryantfurt, VT 91614"
177,Peterson-Adkins,Mrs. Julie Deleon DDS,jacksondebra@rios.com,815.591.9467x856,"905 Jennifer Lake
Sethchester, IN 21148"
178,Wilkerson LLC,Alexander Scott,william82@scott-gordon.com,(963)589-0382,"618 Hanson Locks
Ronaldhaven, ME 58279"
179,Waters PLC,Amber Gordon,robert93@ayala.org,8042245474,"PSC 7857, Box 7235
APO AE 03223"
180,Price LLC,Rebecca Phelps,vluna@taylor-bradley.net,364-268-3274x6032,"6483 Martinez Islands Suite 179
Whiteland, NY 24682"
181,"Wright, Gutierrez and Wood",James Wise,hhunt@phillips-bradley.com,4554161214,"566 Nicholas Center
South Mark, WV 16153"
182,Young LLC,Susan Wade,rodriguezjessica@garza.com,682.886.2718x3839,"78022 Price Springs Apt. 353
Matthewview, NM 87145"
183,Estrada LLC,Kevin Pennington,kortiz@martinez.biz,001-489-770-9736,"2366 Robinson Extension Apt. 700
West Aaron, NY 75732"
184,"Crawford, Brown and Leach",Darius Martinez DDS,medinamisty@brown.org,750.400.0656,"639 King Ways Apt. 659
Nolanmouth, MA 13587"
185,Schwartz-Jenkins,Melissa Mclean,adam99@moses.com,267.694.5847x461,"2237 Christy Pine
Port Craig, IL 46003"
186,"Lynn, Bates and Johnson",Pamela Flowers,briana62@robinson-white.com,+1-902-240-6992x970,"69188 Andrew Terrace
Cherylborough, IL 18504"
187,"Bell, Lewis and Wilkinson",Sean Flores,kstewart@oneill.com,(916)572-7232x50051,"400 Jeffrey Ridges Suite 052
Jessicaside, NC 70803"
188,Blake Group,Kyle King,aray@george.org,7483491732,"USNS Snyder
FPO AA 35680"
189,"Price, Smith and Tate",Lisa Harris MD,tammybrennan@bryan.com,+1-410-470-7388,"800 Brady Flats
North Robertfort, VA 49171"
190,Golden-Boyer,Keith Church,monicapark@simon-brooks.net,+1-465-222-7363x85304,"167 Eric Ports Apt. 397
Allentown, RI 33914"
191,"Mejia, Hines and Bullock",David Manning,holdenjoshua@martinez.net,548.582.7095,"30665 Cook Knoll Apt. 385
South Clifford, CT 27576"
192,Harvey LLC,Kevin Salas,cmeza@mathis.com,8196376632,"04687 Nicholson Flats Apt. 712
Davidburgh, IL 06375"
193,"Hunter, Compton and Hayes",Jake Hunter,tscott@smith.com,380-983-3668x68642,"399 Wood Dale
Smithberg, SC 89177"
194,Gross-Mills,Bonnie Ortiz,kristylowery@davidson.info,(897)821-0589x4004,"7929 Hatfield Harbors
Lake Emily, SD 50697"
195,"Fowler, Patel and Delgado",Jamie Mccoy,chodges@mason.net,(311)398-7422x538,"61171 Jennifer Place
Alexanderhaven, NM 63364"
196,Russell Inc,Mrs. Amanda Brown,josephconner@carr.com,574-798-6838,"3334 Felicia Run Suite 117
Jameschester, TX 77370"
197,"Newton, Hill and Smith",Veronica Sims,yweeks@david.com,001-886-962-6459x59048,"89343 Kenneth Squares
West Jeanette, MO 21316"
198,Harris-Valenzuela,Sophia King,jennifer02@grant.info,685.231.2484,"6047 Sheryl Plaza Apt. 612
Cheyennefort, MI 31013"
199,Jacobs-Reyes,Shawn Robinson,john02@carroll-grant.org,001-794-441-1503x49348,"26869 Williams Street
Harpermouth, WA 41917"
200,Valentine and Sons,Kevin Weeks,erikacampbell@noble-mathews.org,310.353.0974x842,"71947 Johnson Mills
West Ryan, MP 39306"
